Campaign,Ad group,Ad type,Final URL,Path 1,Path 2,Headline 1,Headline 2,Headline 3,Headline 4,Headline 5,Headline 6,Headline 7,Headline 8,Headline 9,Headline 10,Headline 11,Headline 12,Headline 13,Headline 14,Headline 15,Description 1,Description 2,Description 3,Description 4,Status,RSA Variant
US | Search | Featured Auto | MPN Intent,HUSKY 81147 Bike Rack,Responsive search ad,https://omni-terrain.com/us-husky-towing-81147.html?utm_source=google&utm_medium=cpc&utm_campaign=us_search_featured_auto&utm_content=hus81147,huskytowing,81147,HUSKY 81147 Bike Rack,Shop HUSKY 81147 Online,4-Bike Hitch Rack 81147,MPN 81147 Bike Rack,Free Standard Shipping,Secure U.S. Checkout,Clear Online Pricing,Check Online Availability,Product & Fitment Support,Shop Omni Terrain,Search by MPN,U.S. Specialist Parts Store,,,,Shop HUSKY Towing MPN 81147 with clear online pricing and secure U.S. checkout.,Free standard shipping on this featured offer in the contiguous United States.,Confirm fitment or application before ordering with Omni Terrain product support.,Check current online availability and product details before you place your order.,Paused,A
US | Search | Featured Auto | MPN Intent,HUSKY 81147 Bike Rack,Responsive search ad,https://omni-terrain.com/us-husky-towing-81147.html?utm_source=google&utm_medium=cpc&utm_campaign=us_search_featured_auto&utm_content=hus81147,huskytowing,81147,HUSKY 81147 Bike Rack,Shop HUSKY 81147 Online,4-Bike Hitch Rack 81147,MPN 81147 Bike Rack,Featured Online Offer,Free Standard U.S. Shipping,Need Fitment Help?,Clear MPN Details,Secure Checkout Online,Omni Terrain U.S. Store,Check Product Availability,Shop Specialist Parts,,,,'Know the MPN, price and product details before checkout. Shop 81147 at Omni Terrain.',Need a fitment check? Contact product support before ordering.,Featured offer includes free standard shipping in the contiguous U.S.,Secure online checkout with current product availability verified on the store.,Paused,B
US | Search | Featured Auto | MPN Intent,HUSKY 81148 Cargo Carrier,Responsive search ad,https://omni-terrain.com/us-husky-towing-81148.html?utm_source=google&utm_medium=cpc&utm_campaign=us_search_featured_auto&utm_content=hus81148,huskytowing,81148,HUSKY 81148 Cargo Carrier,Shop HUSKY 81148 Online,500 lb Cargo Carrier,MPN 81148 Cargo Carrier,Free Standard Shipping,Secure U.S. Checkout,Clear Online Pricing,Check Online Availability,Product & Fitment Support,Shop Omni Terrain,Search by MPN,U.S. Specialist Parts Store,,,,Shop HUSKY Towing MPN 81148 with clear online pricing and secure U.S. checkout.,Free standard shipping on this featured offer in the contiguous United States.,Confirm fitment or application before ordering with Omni Terrain product support.,Check current online availability and product details before you place your order.,Paused,A
US | Search | Featured Auto | MPN Intent,HUSKY 81148 Cargo Carrier,Responsive search ad,https://omni-terrain.com/us-husky-towing-81148.html?utm_source=google&utm_medium=cpc&utm_campaign=us_search_featured_auto&utm_content=hus81148,huskytowing,81148,HUSKY 81148 Cargo Carrier,Shop HUSKY 81148 Online,500 lb Cargo Carrier,MPN 81148 Cargo Carrier,Featured Online Offer,Free Standard U.S. Shipping,Need Fitment Help?,Clear MPN Details,Secure Checkout Online,Omni Terrain U.S. Store,Check Product Availability,Shop Specialist Parts,,,,'Know the MPN, price and product details before checkout. Shop 81148 at Omni Terrain.',Need a fitment check? Contact product support before ordering.,Featured offer includes free standard shipping in the contiguous U.S.,Secure online checkout with current product availability verified on the store.,Paused,B
US | Search | Featured Auto | MPN Intent,Coast2Coast IWCN9010F,Responsive search ad,https://omni-terrain.com/us-coast2coast-iwcn9010f.html?utm_source=google&utm_medium=cpc&utm_campaign=us_search_featured_auto&utm_content=ccin9010f,coast2coast,iwcn9010f,Coast2Coast IWCN9010F,Shop IWCN9010F Online,Ram 3500 Wheel Simulator,MPN IWCN9010F,Free Standard Shipping,Secure U.S. Checkout,Clear Online Pricing,Check Online Availability,Product & Fitment Support,Shop Omni Terrain,Search by MPN,U.S. Specialist Parts Store,,,,Shop Coast2Coast MPN IWCN9010F with clear online pricing and secure U.S. checkout.,Free standard shipping on this featured offer in the contiguous United States.,Confirm fitment or application before ordering with Omni Terrain product support.,Check current online availability and product details before you place your order.,Paused,A
US | Search | Featured Auto | MPN Intent,Coast2Coast IWCN9010F,Responsive search ad,https://omni-terrain.com/us-coast2coast-iwcn9010f.html?utm_source=google&utm_medium=cpc&utm_campaign=us_search_featured_auto&utm_content=ccin9010f,coast2coast,iwcn9010f,Coast2Coast IWCN9010F,Shop IWCN9010F Online,Ram 3500 Wheel Simulator,MPN IWCN9010F,Featured Online Offer,Free Standard U.S. Shipping,Need Fitment Help?,Clear MPN Details,Secure Checkout Online,Omni Terrain U.S. Store,Check Product Availability,Shop Specialist Parts,,,,'Know the MPN, price and product details before checkout. Shop IWCN9010F at Omni Terrain.',Need a fitment check? Contact product support before ordering.,Featured offer includes free standard shipping in the contiguous U.S.,Secure online checkout with current product availability verified on the store.,Paused,B
US | Search | Featured Auto | MPN Intent,Coast2Coast IWCN8010F,Responsive search ad,https://omni-terrain.com/us-coast2coast-iwcn8010f.html?utm_source=google&utm_medium=cpc&utm_campaign=us_search_featured_auto&utm_content=ccin8010f,coast2coast,iwcn8010f,Coast2Coast IWCN8010F,Shop IWCN8010F Online,Ram 3500 Wheel Simulator,MPN IWCN8010F,Free Standard Shipping,Secure U.S. Checkout,Clear Online Pricing,Check Online Availability,Product & Fitment Support,Shop Omni Terrain,Search by MPN,U.S. Specialist Parts Store,,,,Shop Coast2Coast MPN IWCN8010F with clear online pricing and secure U.S. checkout.,Free standard shipping on this featured offer in the contiguous United States.,Confirm fitment or application before ordering with Omni Terrain product support.,Check current online availability and product details before you place your order.,Paused,A
US | Search | Featured Auto | MPN Intent,Coast2Coast IWCN8010F,Responsive search ad,https://omni-terrain.com/us-coast2coast-iwcn8010f.html?utm_source=google&utm_medium=cpc&utm_campaign=us_search_featured_auto&utm_content=ccin8010f,coast2coast,iwcn8010f,Coast2Coast IWCN8010F,Shop IWCN8010F Online,Ram 3500 Wheel Simulator,MPN IWCN8010F,Featured Online Offer,Free Standard U.S. Shipping,Need Fitment Help?,Clear MPN Details,Secure Checkout Online,Omni Terrain U.S. Store,Check Product Availability,Shop Specialist Parts,,,,'Know the MPN, price and product details before checkout. Shop IWCN8010F at Omni Terrain.',Need a fitment check? Contact product support before ordering.,Featured offer includes free standard shipping in the contiguous U.S.,Secure online checkout with current product availability verified on the store.,Paused,B
US | Search | Featured Auto | MPN Intent,Coast2Coast IWCIMP103X,Responsive search ad,https://omni-terrain.com/us-coast2coast-iwcimp103x.html?utm_source=google&utm_medium=cpc&utm_campaign=us_search_featured_auto&utm_content=cciimp103x,coast2coast,iwcimp103x,Coast2Coast IWCIMP103X,Shop IWCIMP103X Online,Tundra 18in Wheel Cover,MPN IWCIMP103X,Free Standard Shipping,Secure U.S. Checkout,Clear Online Pricing,Check Online Availability,Product & Fitment Support,Shop Omni Terrain,Search by MPN,U.S. Specialist Parts Store,,,,Shop Coast2Coast MPN IWCIMP103X with clear online pricing and secure U.S. checkout.,Free standard shipping on this featured offer in the contiguous United States.,Confirm fitment or application before ordering with Omni Terrain product support.,Check current online availability and product details before you place your order.,Paused,A
US | Search | Featured Auto | MPN Intent,Coast2Coast IWCIMP103X,Responsive search ad,https://omni-terrain.com/us-coast2coast-iwcimp103x.html?utm_source=google&utm_medium=cpc&utm_campaign=us_search_featured_auto&utm_content=cciimp103x,coast2coast,iwcimp103x,Coast2Coast IWCIMP103X,Shop IWCIMP103X Online,Tundra 18in Wheel Cover,MPN IWCIMP103X,Featured Online Offer,Free Standard U.S. Shipping,Need Fitment Help?,Clear MPN Details,Secure Checkout Online,Omni Terrain U.S. Store,Check Product Availability,Shop Specialist Parts,,,,'Know the MPN, price and product details before checkout. Shop IWCIMP103X at Omni Terrain.',Need a fitment check? Contact product support before ordering.,Featured offer includes free standard shipping in the contiguous U.S.,Secure online checkout with current product availability verified on the store.,Paused,B
US | Search | Featured Auto | MPN Intent,Air Lift 60828HD,Responsive search ad,https://omni-terrain.com/us-air-lift-60828hd.html?utm_source=google&utm_medium=cpc&utm_campaign=us_search_featured_auto&utm_content=a1360828hd,airlift,60828hd,Air Lift 60828HD,Shop 60828HD Online,Ram 1500 Air Spring Kit,MPN 60828HD,Free Standard Shipping,Secure U.S. Checkout,Clear Online Pricing,Check Online Availability,Product & Fitment Support,Shop Omni Terrain,Search by MPN,U.S. Specialist Parts Store,,,,Shop Air Lift MPN 60828HD with clear online pricing and secure U.S. checkout.,Free standard shipping on this featured offer in the contiguous United States.,Confirm fitment or application before ordering with Omni Terrain product support.,Check current online availability and product details before you place your order.,Paused,A
US | Search | Featured Auto | MPN Intent,Air Lift 60828HD,Responsive search ad,https://omni-terrain.com/us-air-lift-60828hd.html?utm_source=google&utm_medium=cpc&utm_campaign=us_search_featured_auto&utm_content=a1360828hd,airlift,60828hd,Air Lift 60828HD,Shop 60828HD Online,Ram 1500 Air Spring Kit,MPN 60828HD,Featured Online Offer,Free Standard U.S. Shipping,Need Fitment Help?,Clear MPN Details,Secure Checkout Online,Omni Terrain U.S. Store,Check Product Availability,Shop Specialist Parts,,,,'Know the MPN, price and product details before checkout. Shop 60828HD at Omni Terrain.',Need a fitment check? Contact product support before ordering.,Featured offer includes free standard shipping in the contiguous U.S.,Secure online checkout with current product availability verified on the store.,Paused,B
US | Search | Featured Auto | MPN Intent,Bilstein 24-066464,Responsive search ad,https://omni-terrain.com/us-bilstein-24-066464.html?utm_source=google&utm_medium=cpc&utm_campaign=us_search_featured_auto&utm_content=b5224066464,bilstein,24066464,Bilstein 24-066464,Shop 24-066464 Online,Bilstein B8 5100 Shock,MPN 24-066464,Free Standard Shipping,Secure U.S. Checkout,Clear Online Pricing,Check Online Availability,Product & Fitment Support,Shop Omni Terrain,Search by MPN,U.S. Specialist Parts Store,,,,Shop Bilstein MPN 24-066464 with clear online pricing and secure U.S. checkout.,Free standard shipping on this featured offer in the contiguous United States.,Confirm fitment or application before ordering with Omni Terrain product support.,Check current online availability and product details before you place your order.,Paused,A
US | Search | Featured Auto | MPN Intent,Bilstein 24-066464,Responsive search ad,https://omni-terrain.com/us-bilstein-24-066464.html?utm_source=google&utm_medium=cpc&utm_campaign=us_search_featured_auto&utm_content=b5224066464,bilstein,24066464,Bilstein 24-066464,Shop 24-066464 Online,Bilstein B8 5100 Shock,MPN 24-066464,Featured Online Offer,Free Standard U.S. Shipping,Need Fitment Help?,Clear MPN Details,Secure Checkout Online,Omni Terrain U.S. Store,Check Product Availability,Shop Specialist Parts,,,,'Know the MPN, price and product details before checkout. Shop 24-066464 at Omni Terrain.',Need a fitment check? Contact product support before ordering.,Featured offer includes free standard shipping in the contiguous U.S.,Secure online checkout with current product availability verified on the store.,Paused,B